lat,lon,heading,roll,Ve,Vn,R1,R2,aw_e,aw_n,aw_h,alfa,betta,gamma,accE,accN,accH,w_x,w_y,w_z,n_x,n_y,n_z,dot_omega_h
0.95998143910360745,0.645801598151512,0.32737901335588293,0,109.33120031545248,321.94205788865548,6391018.22982766,6398802.9858230716,5.0350506726242615E-05,1.7078188841107534E-05,2.4401616388436442E-05,0.0043609760861407611,0.0016306404404701227,-0.0010148637810359215,-0.046306208946796518,0.0157556301878198,-9.8102319018225277,0.00015658085009154433,-8.9372680432509583E-05,8.4117800417103942E-05,-0.14400382504248041,0.1521111824760964,-9.8102319018225277,-5.6182948508524244E-11
0.96003178959566793,0.64583137520347644,0.32737901335588293,0,109.33120031545248,321.94205788865548,6391020.0922293924,6398803.6073801266,5.0350492060528463E-05,1.7078187182970328E-05,2.440422917540369E-05,0.0056305156704367131,0.0022593450688758883,-1.0075640462604237E-05,-0.046308405660407274,0.015756375094145483,-9.8102337063527969,0.00015658080448386055,-8.9375645698386649E-05,8.4122518470476247E-05,-0.1440106564193015,0.15211839593392795,-9.8102337063527969,-5.6196679612250583E-11
0.96008214007306381,0.64586115439417791,0.32737901335588293,0,109.33120031545248,321.94205788865548,6391021.9544975534,6398804.2288924828,5.0350477395874674E-05,1.7078185524952685E-05,2.4406842337440606E-05,0.0056318849142766771,0.0022623222063656735,-7.6423197566253345E-06,-0.0463106023968923,0.015757120007933632,-9.8102355107676971,0.00015658075887947428,-8.9378611072388149E-05,8.4127236746908837E-05,-0.14401748786725738,0.15212560946657869,-9.8102355107676971,-5.6210412516864934E-11
0.96013249053579608,0.64589093572399925,0.32737901335588293,0,109.33120031545248,321.94205788865548,6391023.8166321423,6398804.8503601411,5.0350462732281262E-05,1.7078183867054606E-05,2.4409455874641296E-05,0.0056324030276917181,0.002263736980878795,-2.13146959278655E-06,-0.0463127991562786,0.015757864929193423,-9.8102373150672033,0.00015658071327838562,-8.9381576554506439E-05,8.4131955246490684E-05,-0.14402431938643204,0.15213282307413725,-9.8102373150672033,-5.622414722275646E-11
0.96018284098386586,0.64592071919332328,0.32737901335588293,0,109.33120031545248,321.94205788865548,6391025.6786331534,6398805.4717830978,5.035044806974826E-05,1.7078182209276098E-05,2.44120697870999E-05,0.0056301463167361069,0.00226618889004904,5.7997120009687864E-07,-0.046314995938593138,0.015758609857934029,-9.8102391192512943,0.00015658066768059462,-8.9384542144733942E-05,8.4136673969310749E-05,-0.14403115097690927,0.15214003675669227,-9.8102391192512943,-5.62378837303143E-11
0.96023319141727415,0.64595050480253291,0.32737901335588293,0,109.33120031545248,321.94205788865548,6391027.5405005813,6398806.093161351,5.0350433408275717E-05,1.707818055161717E-05,2.4414684074910592E-05,0.0056316144941943331,0.0022705775770987375,3.4382576993615617E-06,-0.046317192743862916,0.01575935479416463,-9.81024092331994,0.00015658062208610146,-8.9387507843063192E-05,8.414139291545807E-05,-0.14403798263877313,0.15214725051433242,-9.81024092331994,-5.625162203992782E-11
0.960283541836022,0.64598029255201117,0.32737901335588293,0,109.33120031545248,321.94205788865548,6391029.402234422,6398806.7144949017,5.0350418747863652E-05,1.7078178894077816E-05,2.4417298738167576E-05,0.0056317999782371569,0.0022711289844838337,8.7333342891389245E-06,-0.046319389572114941,0.015760099737894405,-9.8102427272731259,0.0001565805764949062,-8.9390473649486585E-05,8.4146112085021674E-05,-0.14404481437210756,0.15215446434714644,-9.8102427272731259,-5.6265362151986432E-11
0.96033389224011056,0.6460100824421412,0.32737901335588293,0,109.33120031545248,321.94205788865548,6391031.26383467,6398807.3357837452,5.035040408851212E-05,1.707817723665805E-05,2.441991377696509E-05,0.0056300051733362165,0.00227623357595473,1.2591037939740229E-05,-0.046321586423376235,0.015760844689132549,-9.810244531110822,0.000156580530907009,-8.9393439563996573E-05,8.4150831478090656E-05,-0.14405164617699662,0.152161678255223,-9.810244531110822,-5.6279104066879787E-11
0.96038424262954081,0.64603987447330624,0.32737901335588293,0,109.33120031545248,321.94205788865548,6391033.125301321,6398807.9570278814,5.0350389430221141E-05,1.7078175579357871E-05,2.4422529191397396E-05,0.0056306888279669719,0.0022774905124975206,1.7573937483453066E-05,-0.046323783297673816,0.015761589647888246,-9.8102463348330122,0.00015658048532240994,-8.9396405586585607E-05,8.41555510947541E-05,-0.14405847805352429,0.15216889223865093,-9.8102463348330122,-5.6292847784997596E-11
0.96043459300431377,0.64606966864588966,0.32737901335588293,0,109.33120031545248,321.94205788865548,6391034.986634369,6398808.57822731,5.0350374772990769E-05,1.7078173922177283E-05,2.4425144981558782E-05,0.0056316788709785039,0.0022819164435132389,2.1812515933097813E-05,-0.046325980195034727,0.015762334614170689,-9.8102481384396665,0.00015658043974110914,-8.9399371717246138E-05,8.4160270935101144E-05,-0.14406531000177469,0.15217610629751904,-9.8102481384396665,-5.630659330672972E-11
0.96048494336443058,0.64609946496027482,0.32737901335588293,0,109.33120031545248,321.94205788865548,6391036.8478338113,6398809.1993820276,5.0350360116821011E-05,1.7078172265116293E-05,2.4427761147543592E-05,0.005629442152574304,0.0022851108766743359,2.5591939968103196E-05,-0.046328177115486,0.01576307958798907,-9.8102499419307669,0.00015658039416310669,-8.9402337955970591E-05,8.4164990999220974E-05,-0.14407214202183188,0.1521833204319161,-9.8102499419307669,-5.632034063246613E-11
0.96053529370989232,0.64612926341684529,0.32737901335588293,0,109.33120031545248,321.94205788865548,6391038.7088996433,6398809.8204920329,5.0350345461711914E-05,1.70781706081749E-05,2.443037768944617E-05,0.0056310793054205818,0.0022895821536372146,3.1202272813109794E-05,-0.046330374059054706,0.015763824569352596,-9.81025174530629,0.00015658034858840269,-8.9405304302751429E-05,8.4169711287202775E-05,-0.14407897411378007,0.15219053464193105,-9.81025174530629,-5.6334089762596957E-11
0.9605856440407,0.64615906401598455,0.32737901335588293,0,109.33120031545248,321.94205788865548,6391040.5698318575,6398810.4415573254,5.0350330807663534E-05,1.7078168951353113E-05,2.4432994607360914E-05,0.00563162744434556,0.0022921498960609328,3.5437283860608812E-05,-0.046332571025767919,0.015764569558270467,-9.8102535485662088,0.00015658030301699731,-8.9408270757581091E-05,8.4174431799135792E-05,-0.14408580627770343,0.15219774892765278,-9.8102535485662088,-5.6347840697512528E-11
0.96063599435685465,0.64618886675807641,0.32737901335588293,0,109.33120031545248,321.94205788865548,6391042.43063045,6398811.0625779014,5.0350316154675896E-05,1.7078167294650936E-05,2.4435611901382241E-05,0.0056294007533273785,0.0022958323908377873,4.285284614679599E-05,-0.046334768015652714,0.015765314554751896,-9.8102553517105058,0.00015658025744889065,-8.94112373204521E-05,8.41791525351093E-05,-0.14409263851368614,0.15220496328917027,-9.8102553517105058,-5.6361593437603206E-11
0.96068634465835745,0.64621867164350455,0.32737901335588293,0,109.33120031545248,321.94205788865548,6391044.2912954176,6398811.6835537618,5.0350301502749027E-05,1.707816563806837E-05,2.4438229571604594E-05,0.0056302981039668991,0.002299921449635397,4.82497910479319E-05,-0.046336965028736153,0.015766059558806077,-9.8102571547391548,0.00015658021188408278,-8.9414203991356774E-05,8.4183873495212539E-05,-0.1440994708218124,0.15221217772657242,-9.8102571547391548,-5.6375347983259441E-11
0.9607366949452093,0.64624847867265289,0.32737901335588293,0,109.33120031545248,321.94205788865548,6391046.1518267542,6398812.3044849029,5.0350286851882963E-05,1.7078163981605423E-05,2.4440847618122483E-05,0.0056308562273164504,0.0023030291395602968,5.3261633995732151E-05,-0.046339162065045375,0.015766804570442241,-9.8102589576521346,0.00015658016632257385,-8.9417170770287642E-05,8.4188594679534919E-05,-0.14410630320216661,0.15221939223994829,-9.8102589576521346,-5.6389104334872024E-11
0.96078704521741143,0.64627828784590546,0.32737901335588293,0,109.33120031545248,321.94205788865548,6391048.0122244572,6398812.9253713256,5.0350272202077736E-05,1.7078162325262093E-05,2.4443466041030382E-05,0.0056292403539885214,0.0023088859082550442,6.0834858424206129E-05,-0.046341359124607455,0.015767549589669593,-9.81026076044942,0.00015658012076436389,-8.9420137657237085E-05,8.4193316088165731E-05,-0.14411313565483291,0.15222660682938688,-9.81026076044942,-5.6402862492831616E-11
0.96083739547496472,0.64630809916364618,0.32737901335588293,0,109.33120031545248,321.94205788865548,6391049.8724885192,6398813.5462130262,5.0350257553333394E-05,1.7078160669038388E-05,2.4446084840422864E-05,0.0056298050377956857,0.0023123969679121588,6.6426818160325531E-05,-0.046343556207449524,0.015768294616497362,-9.8102625631309888,0.00015658007520945311,-8.9423104652197648E-05,8.41980377211944E-05,-0.14411996817989575,0.1522338214949773,-9.8102625631309888,-5.6416622457529215E-11
0.96088774571787039,0.64633791262625939,0.32737901335588293,0,109.33120031545248,321.94205788865548,6391051.7326189363,6398814.1670100046,5.0350242905649964E-05,1.7078159012934311E-05,2.4448704016394485E-05,0.0056313166035058555,0.0023189006169108631,7.5261784382642927E-05,-0.046345753313598713,0.015769039650934766,-9.8102643656968169,0.00015658002965784158,-8.9426071755161675E-05,8.4202759578710319E-05,-0.14412680077743945,0.15224103623680865,-9.8102643656968169,-5.6430384229355859E-11
0.96093809594612944,0.64636772823412925,0.32737901335588293,0,109.33120031545248,321.94205788865548,6391053.5926157041,6398814.7877622582,5.0350228259027494E-05,1.707815735694987E-05,2.4451323569039865E-05,0.0056315453718666806,0.0023216796331218805,8.0827409159570961E-05,-0.04634795044308216,0.015769784692991042,-9.8102661681468835,0.00015657998410952942,-8.9429038966121684E-05,8.420748166080296E-05,-0.1441336334475484,0.15224825105497009,-9.8102661681468835,-5.6444147808702759E-11
0.96098844615974288,0.6463975459876401,0.32737901335588293,0,109.33120031545248,321.94205788865548,6391055.4524788177,6398815.408469785,5.0350213613466004E-05,1.7078155701085066E-05,2.4453943498453642E-05,0.0056299427872935973,0.0023284120158497284,8.9661034760148191E-05,-0.046350147595927017,0.015770529742675409,-9.8102679704811653,0.00015657993856451672,-8.943200628507006E-05,8.4212203967561807E-05,-0.14414046619030707,0.15225546594955075,-9.8102679704811653,-5.6457913195961241E-11
0.96103879635871181,0.64642736588717642,0.32737901335588293,0,109.33120031545248,321.94205788865548,6391057.3122082725,6398816.029132585,5.0350198968965535E-05,1.70781540453399E-05,2.445656380473047E-05,0.0056313549498168093,0.0023344609950090855,9.65517495858518E-05,-0.046352344772160443,0.015771274799997112,-9.81026977269964,0.00015657989302280361,-8.9434973711999266E-05,8.4216926499076361E-05,-0.1441472990057999,0.15226268092063994,-9.81026977269964,-5.6471680391522731E-11
0.96108914654303734,0.64645718793312268,0.32737901335588293,0,109.33120031545248,321.94205788865548,6391059.171804063,6398816.6497506555,5.0350184325526126E-05,1.7078152389714381E-05,2.445918448796506E-05,0.0056291581337326807,0.0023400747444209738,0.00010381296547163012,-0.04635454197180959,0.015772019864965375,-9.81027157480228,0.00015657984748439018,-8.9437941246901768E-05,8.4221649255436176E-05,-0.1441541318941113,0.15226989596832674,-9.81027157480228,-5.6485449395778794E-11
0.96113949671272048,0.64648701212586357,0.32737901335588293,0,109.33120031545248,321.94205788865548,6391061.0312661855,6398817.2703239955,5.0350169683147806E-05,1.7078150734208513E-05,2.4461805548252142E-05,0.0056303435613950063,0.0023466112994971191,0.00011372295638896514,-0.046356739194901665,0.015772764937589456,-9.810273376789068,0.00015657980194927658,-8.9440908889769962E-05,8.4226372236730835E-05,-0.14416096485532595,0.15227711109270053,-9.810273376789068,-5.6499220209121244E-11
0.96118984686776232,0.64651683846578378,0.32737901335588293,0,109.33120031545248,321.94205788865548,6391062.8905946352,6398817.8908526031,5.0350155041830608E-05,1.7078149078822297E-05,2.4464426985686474E-05,0.0056309315326826216,0.0023518060172404891,0.00012173938722972864,-0.046358936441463834,0.015773510017878592,-9.81027517865998,0.00015657975641746285,-8.9443876640596354E-05,8.4231095443049935E-05,-0.14416779788952827,0.15228432629385064,-9.81027517865998,-5.6512992831941841E-11
0.96124019700816388,0.64654666695326812,0.32737901335588293,0,109.33120031545248,321.94205788865548,6391064.7497894056,6398818.5113364765,5.0350140401574594E-05,1.7078147423555739E-05,2.4467048800362851E-05,0.0056321236638042192,0.0023588841137175405,0.00013242973243391022,-0.046361133711523325,0.015774255105842034,-9.8102769804149919,0.00015657971088894919,-8.9446844499373383E-05,8.4235818874483151E-05,-0.14417463099680297,0.15229154157186642,-9.8102769804149919,-5.6526767264632661E-11
0.96129054713392625,0.64657649758870162,0.32737901335588293,0,109.33120031545248,321.94205788865548,6391066.608850494,6398819.1317756157,5.0350125762379762E-05,1.707814576840884E-05,2.4469670992376081E-05,0.0056299400800737523,0.0023655812013372848,0.00014125147261808825,-0.046363331005107325,0.015775000201489028,-9.8102787820540822,0.00015657966536373563,-8.9449812466093416E-05,8.4240542531120093E-05,-0.1441814641772346,0.15229875692683717,-9.8102787820540822,-5.6540543507585763E-11
0.96134089724505045,0.64660633037246917,0.32737901335588293,0,109.33120031545248,321.94205788865548,6391068.4677778948,6398819.752170017,5.0350111124246175E-05,1.7078144113381606E-05,2.4472293561821047E-05,0.0056300463180247911,0.0023711693542984658,0.00015116275611333952,-0.046365528322243062,0.015775745304828833,-9.8102805835772227,0.00015657961984182235,-8.9452780540748975E-05,8.4245266413050519E-05,-0.14418829743090778,0.15230597235885232,-9.8102805835772227,-5.6554321561193463E-11
0.96139124734153758,0.64663616530495582,0.32737901335588293,0,109.33120031545248,321.94205788865548,6391070.3265716024,6398820.3725196794,5.0350096487173866E-05,1.7078142458474048E-05,2.4474916508792619E-05,0.0056317399467221271,0.0023795826482566015,0.0001624493763180659,-0.046367725662957777,0.01577649041587071,-9.8102823849843936,0.00015657957432320947,-8.9455748723332482E-05,8.4249990520364134E-05,-0.1441951307579073,0.15231318786800138,-9.8102823849843936,-5.6568101425848109E-11
0.96144159742338875,0.64666600238654692,0.32737901335588293,0,109.33120031545248,321.94205788865548,6391072.1852316149,6398820.9928246029,5.0350081851162842E-05,1.7078140803686156E-05,2.4477539833385709E-05,0.0056290746971248687,0.002386725060054452,0.00017324121136542205,-0.046369923027278687,0.015777235534623919,-9.8102841862755739,0.00015657952880789697,-8.9458717013836322E-05,8.4254714853150724E-05,-0.14420196415831774,0.15232040345437378,-9.8102841862755739,-5.65818831019422E-11
0.961491947490605,0.64669584161762761,0.32737901335588293,0,109.33120031545248,321.94205788865548,6391074.0437579239,6398821.6130847838,5.0350067216213184E-05,1.7078139149017949E-05,2.4480163535695276E-05,0.00563017401005657,0.0023941581780292007,0.00018608991966919555,-0.046372120415233073,0.015777980661097726,-9.810285987450742,0.00015657948329588512,-8.9461685412253067E-05,8.4259439411500073E-05,-0.14420879763222394,0.15232761911805903,-9.810285987450742,-5.6595666589868456E-11
0.96154229754318732,0.64672568299858335,0.32737901335588293,0,109.33120031545248,321.94205788865548,6391075.9021505276,6398822.2333002221,5.0350052582324885E-05,1.7078137494469418E-05,2.44827876158163E-05,0.0056311277607563968,0.0024026302675613856,0.00019780100545042337,-0.046374317826848185,0.015778725795301408,-9.81028778850987,0.0001565794377871739,-8.9464653918575E-05,8.4264164195502035E-05,-0.14421563117971067,0.1523348348591467,-9.81028778850987,-5.6609451890019648E-11
0.96159264758113683,0.64675552652979962,0.32737901335588293,0,109.33120031545248,321.94205788865548,6391077.7604094185,6398822.853470915,5.0350037949498013E-05,1.7078135840040579E-05,2.4485412073843784E-05,0.0056299074651046874,0.0024139897710393782,0.00020933971781599394,-0.046376515262151287,0.015779470937244227,-9.8102895894529372,0.00015657939228176353,-8.9467622532794685E-05,8.4268889205246436E-05,-0.14422246480086273,0.15234205067772635,-9.8102895894529372,-5.6623239002788694E-11
0.9616429976044546,0.646785372211662,0.32737901335588293,0,109.33120031545248,321.94205788865548,6391079.6185345948,6398823.4735968616,5.0350023317732582E-05,1.7078134185731426E-05,2.4488036909872775E-05,0.0056306740403785777,0.00242126003300164,0.00022298438369708619,-0.046378712721169682,0.015780216086935469,-9.8102913902799216,0.00015657934677965404,-8.94705912549045E-05,8.42736144408232E-05,-0.144229298495765,0.15234926657388767,-9.8102913902799216,-5.6637027928568658E-11
0.96169334761314162,0.646815220044556,0.32737901335588293,0,109.33120031545248,321.94205788865548,6391081.476526049,6398824.0936780609,5.035000868702864E-05,1.7078132531541969E-05,2.4490662123998344E-05,0.0056317469709563084,0.0024319155631701657,0.00023619743180254571,-0.046380910203930641,0.0157809612443844,-9.810293190990798,0.0001565793012808456,-8.94735600848969E-05,8.4278339902322239E-05,-0.1442361322645023,0.15235648254772019,-9.810293190990798,-5.6650818667752736E-11
0.961743697607199,0.6468450700288676,0.32737901335588293,0,109.33120031545248,321.94205788865548,6391083.33438378,6398824.7137145111,5.0349994057386205E-05,1.7078130877472208E-05,2.449328771631559E-05,0.0056300846979321978,0.0024420136922825002,0.0002515300380685684,-0.046383107710461481,0.015781706409600318,-9.8102949915855469,0.00015657925578533826,-8.9476529022764324E-05,8.42830655898335E-05,-0.14424296610715956,0.15236369859931365,-9.8102949915855469,-5.6664611220734226E-11
0.96179404758662779,0.64687492216498255,0.32737901335588293,0,109.33120031545248,321.94205788865548,6391085.192107778,6398825.3337062094,5.0349979428805341E-05,1.7078129223522153E-05,2.4495913686919657E-05,0.0056303696457726433,0.0024499110964295526,0.00026447472569123557,-0.046385305240789508,0.015782451582592505,-9.81029679206414,0.0001565792102931322,-8.94794980684992E-05,8.4287791503446987E-05,-0.14424980002382171,0.15237091472875775,-9.81029679206414,-5.6678405587906673E-11
0.961844397551429,0.64690477645328681,0.32737901335588293,0,109.33120031545248,321.94205788865548,6391087.0496980427,6398825.9536531558,5.0349964801286059E-05,1.7078127569691804E-05,2.4498540035905705E-05,0.0056319440901827405,0.00246213522762544,0.00028155723131852286,-0.046387502794942054,0.015783196763370248,-9.8102985924265589,0.00015657916480422745,-8.9482467222094E-05,8.42925176432527E-05,-0.14425663401457375,0.15237813093614228,-9.8102985924265589,-5.6692201769663518E-11
0.96189474750160386,0.64693463289416642,0.32737901335588293,0,109.33120031545248,321.94205788865548,6391088.9071545666,6398826.5735553484,5.0349950174828414E-05,1.7078125915981162E-05,2.450116676336894E-05,0.0056293085945924729,0.0024724545158423,0.000296933375856999,-0.046389700372946444,0.015783941951942843,-9.81030039267278,0.00015657911931862422,-8.9485436483541179E-05,8.429724400934071E-05,-0.14426346807950066,0.15238534722155697,-9.81030039267278,-5.6705999766398633E-11
0.96194509743715328,0.6469644914880075,0.32737901335588293,0,109.33120031545248,321.94205788865548,6391090.764477347,6398827.1934127836,5.034993554943242E-05,1.7078124262390242E-05,2.4503793869404587E-05,0.00563103853214563,0.0024847506442546591,0.00031382309615032622,-0.046391897974830031,0.015784687148319591,-9.81030219280278,0.00015657907383632251,-8.9488405852833092E-05,8.43019706018011E-05,-0.1442703022186875,0.15239256358509168,-9.81030219280278,-5.6719799578505854E-11
0.9619954473580784,0.6469943522351963,0.32737901335588293,0,109.33120031545248,321.94205788865548,6391092.6216663774,6398827.813225463,5.0349920925098125E-05,1.7078122608919035E-05,2.4506421354107904E-05,0.0056316794521099767,0.0024953853812159539,0.00032968838434385776,-0.046394095600620168,0.015785432352509791,-9.8103039928165359,0.00015657902835732252,-8.9491375329962247E-05,8.4306697420723971E-05,-0.14427713643221932,0.15239978002683624,-9.8103039928165359,-5.6733601206379145E-11
0.96204579726438022,0.64702421513611919,0.32737901335588293,0,109.33120031545248,321.94205788865548,6391094.478721654,6398828.4329933831,5.0349906301825568E-05,1.7078120955567551E-05,2.4509049217574191E-05,0.0056295455404759154,0.00250737706217482,0.00034615128151937048,-0.046396293250344216,0.015786177564522746,-9.81030579271402,0.00015657898288162431,-8.9494344914921081E-05,8.431142446619948E-05,-0.14428397072018123,0.15240699654688056,-9.81030579271402,-5.6747404650412651E-11
0.96209614715605984,0.64705408019116251,0.32737901335588293,0,109.33120031545248,321.94205788865548,6391096.3356431713,6398829.0527165439,5.0349891679614784E-05,1.7078119302335793E-05,2.451167745989876E-05,0.0056307938875738628,0.0025204558839860072,0.00036550167968370684,-0.046398490924029562,0.015786922784367764,-9.8103075924952172,0.00015657893740922803,-8.9497314607702032E-05,8.43161517383178E-05,-0.14429080508265837,0.15241421314531456,-9.8103075924952172,-5.676120991100062E-11
0.96214649703311828,0.64708394740071273,0.32737901335588293,0,109.33120031545248,321.94205788865548,6391098.1924309256,6398829.6723949416,5.03498770584658E-05,1.7078117649223769E-05,2.4514306081176978E-05,0.0056309532248382133,0.002531899360363226,0.00038386552960408769,-0.04640068862170358,0.015787668012054158,-9.8103093921601019,0.00015657889194013375,-8.9500284408297538E-05,8.4320879237169148E-05,-0.1442976395197359,0.15242142982222814,-9.8103093921601019,-5.6775016988537522E-11
0.96219684689555662,0.64711381676515656,0.32737901335588293,0,109.33120031545248,321.94205788865548,6391100.0490849121,6398830.2920285761,5.0349862438378649E-05,1.7078115996231481E-05,2.4516935081504219E-05,0.0056325509664292093,0.0025470183092525826,0.00040219674755338379,-0.046402886343393665,0.015788413247591244,-9.81031119170865,0.00015657884647434159,-8.9503254316699969E-05,8.4325606962843745E-05,-0.14430447403149899,0.15242864657771132,-9.81031119170865,-5.67888258834178E-11
0.962247196743376,0.64714368828488067,0.32737901335588293,0,109.33120031545248,321.94205788865548,6391101.9056051243,6398830.9116174458,5.0349847819353387E-05,1.707811434335893E-05,2.4519564460975909E-05,0.0056300877800497936,0.0025595808040209359,0.00042345331060440587,-0.046405084089127219,0.015789158490988327,-9.8103129911408349,0.0001565788010118517,-8.9506224332901871E-05,8.4330334915431882E-05,-0.14431130861803287,0.15243586341185411,-9.8103129911408349,-5.6802636596036148E-11
0.9622975465765774,0.64717356196027187,0.32737901335588293,0,109.33120031545248,321.94205788865548,6391103.76199156,6398831.5311615486,5.0349833201390019E-05,1.7078112690606122E-05,2.4522194219687496E-05,0.0056313495439524689,0.0025744350138994635,0.00044243662678882992,-0.046407281858931691,0.015789903742254759,-9.8103147904566441,0.0001565787555526641,-8.9509194456895586E-05,8.4335063095023873E-05,-0.14431814327942288,0.15244308032474663,-9.8103147904566441,-5.6816449126787449E-11
0.96234789639516194,0.64720343779171707,0.32737901335588293,0,109.33120031545248,321.94205788865548,6391105.618244214,6398832.1506608846,5.03498185844886E-05,1.7078111037973061E-05,2.452482435773445E-05,0.0056326147386495176,0.0025897544339390419,0.0004650272354046732,-0.046409479652834471,0.015790649001399835,-9.8103165896560434,0.00015657871009677898,-8.95121646886736E-05,8.4339791501710019E-05,-0.14432497801575422,0.15245029731647888,-9.8103165896560434,-5.6830263476066549E-11
0.96239824619913061,0.64723331577960319,0.32737901335588293,0,109.33120031545248,321.94205788865548,6391107.4743630784,6398832.7701154491,5.0349803968649177E-05,1.7078109385459757E-05,2.4527454875212303E-05,0.0056305043063164537,0.002604883215856414,0.00048602636213605115,-0.046411677470863014,0.015791394268432898,-9.8103183887390148,0.00015657866464419644,-8.95151350282284E-05,8.4344520135580728E-05,-0.14433181282711227,0.15245751438714103,-9.8103183887390148,-5.6844079644268577E-11
0.96244859598848453,0.64726319592431736,0.32737901335588293,0,109.33120031545248,321.94205788865548,6391109.3303481517,6398833.3895252431,5.0349789353871765E-05,1.7078107733066203E-05,2.453008577221658E-05,0.0056311753660413426,0.0026195512561446245,0.00051065809495403269,-0.046413875313044771,0.015792139543363282,-9.810320187705539,0.0001565786191949166,-8.95181054755523E-05,8.4349248996726383E-05,-0.14433864771358237,0.15246473153682325,-9.810320187705539,-5.6857897631788705E-11
0.9624989457632247,0.64729307822624671,0.32737901335588293,0,109.33120031545248,321.94205788865548,6391111.1861994294,6398834.0088902647,5.0349774740156396E-05,1.707810608079241E-05,2.4532717048842864E-05,0.0056324507518387343,0.0026363191360910553,0.00053241067361668552,-0.046416073179407193,0.01579288482620032,-9.8103219865555875,0.00015657857374893949,-8.9521076030637839E-05,8.4353978085237433E-05,-0.14434548267524994,0.15247194876561568,-9.8103219865555875,-5.68717174390223E-11
0.96254929552335222,0.6473229626857786,0.32737901335588293,0,109.33120031545248,321.94205788865548,6391113.041916904,6398834.628210512,5.0349760127503132E-05,1.7078104428638379E-05,2.453534870518675E-05,0.0056306931573401374,0.0026540918165248815,0.00055620024001944016,-0.04641827106997775,0.015793630116953353,-9.8103237852891372,0.00015657852830626534,-8.9524046693477432E-05,8.43587074012043E-05,-0.14435231771220036,0.15247916607360862,-9.8103237852891372,-5.6885539066364836E-11
0.9625996452688681,0.64735284930330028,0.32737901335588293,0,109.33120031545248,321.94205788865548,6391114.8975005737,6398835.2474859823,5.0349745515911979E-05,1.707810277660412E-05,2.4537980741343889E-05,0.0056318660367708547,0.0026707179356269886,0.0005823357103729972,-0.046420468984783921,0.015794375415631719,-9.81032558390617,0.00015657848286689419,-8.9527017464063465E-05,8.4363436944717514E-05,-0.14435915282451908,0.15248638346089227,-9.81032558390617,-5.6899362514211896E-11
0.96264999499977344,0.64738273807919933,0.32737901335588293,0,109.33120031545248,321.94205788865548,6391116.7529504308,6398835.8667166755,5.0349730905383E-05,1.7078101124689631E-05,2.4540613157409939E-05,0.0056328935028350817,0.00268857338934508,0.00060761129733128685,-0.04642266692385319,0.015795120722244777,-9.8103273824066584,0.00015657843743082617,-8.952998834238847E-05,8.43681667158676E-05,-0.14436598801229161,0.15249360092755693,-9.8103273824066584,-5.6913187782959232E-11
0.96270034471606936,0.64741262901386321,0.32737901335588293,0,109.33120031545248,321.94205788865548,6391118.6082664737,6398836.4859025907,5.03497162959162E-05,1.7078099472894916E-05,2.45432459534806E-05,0.00563080361444245,0.0027067284343017125,0.000632992308788296,-0.046424864887213056,0.015795866036801859,-9.8103291807905837,0.00015657839199806133,-8.9532959328444777E-05,8.4372896714745085E-05,-0.14437282327560344,0.15250081847369287,-9.8103291807905837,-5.6927014873002728E-11
0.96275069441775685,0.64744252210767961,0.32737901335588293,0,109.33120031545248,321.94205788865548,6391120.4634486958,6398837.1050437242,5.0349701687511638E-05,1.7078097821219984E-05,2.4545879129651621E-05,0.0056324387624520182,0.0027272529095752735,0.00066208198136534654,-0.04642706287489106,0.015796611359312335,-9.8103309790579178,0.0001565783465685999,-8.9535930422224877E-05,8.4377626941440612E-05,-0.14437965861454022,0.15250803609939065,-9.8103309790579178,-5.6940843784738494E-11
0.962801044104837,0.64747241736103633,0.32737901335588293,0,109.33120031545248,321.94205788865548,6391122.3184970925,6398837.724140076,5.0349687080169339E-05,1.7078096169664834E-05,2.4548512686018747E-05,0.0056327913714063821,0.0027443727874769753,0.0006883684829996229,-0.046429260886914688,0.015797356689785554,-9.8103327772086413,0.00015657830114244187,-8.9538901623721181E-05,8.4382357396044772E-05,-0.14438649402918743,0.15251525380474046,-9.8103327772086413,-5.6954674518562568E-11
0.96285139377731088,0.64750231477432107,0.32737901335588293,0,109.33120031545248,321.94205788865548,6391124.17341166,6398838.3431916442,5.034967247388934E-05,1.7078094518229474E-05,2.4551146622677777E-05,0.0056315461936457785,0.0027657854783772317,0.00071903424928414672,-0.046431458923311478,0.015798102028230881,-9.8103345752427309,0.00015657825571958742,-8.9541872932926141E-05,8.4387088078648233E-05,-0.14439332951963071,0.15252247158983279,-9.8103345752427309,-5.6968507074871293E-11
0.96290174343517954,0.647532214347922,0.32737901335588293,0,109.33120031545248,321.94205788865548,6391126.0281923916,6398838.9621984269,5.0349657868671684E-05,1.7078092866913905E-05,2.4553780939724536E-05,0.0056328492383046413,0.0027867962360943197,0.000746933638189421,-0.046433656984108979,0.015798847374657678,-9.8103363731601618,0.00015657821030003665,-8.9544844349832207E-05,8.4391818989341662E-05,-0.14440016508595574,0.15252968945475817,-9.8103363731601618,-5.6982341454061055E-11
0.96295209307844409,0.64756211608222691,0.32737901335588293,0,109.33120031545248,321.94205788865548,6391127.8828392839,6398839.5811604224,5.03496432645164E-05,1.7078091215718137E-05,2.4556415637254896E-05,0.00563321244757316,0.0028055978856358988,0.00077859265621681075,-0.046435855069334737,0.015799592729075312,-9.8103381709609128,0.00015657816488378966,-8.9547815874431818E-05,8.4396550128215819E-05,-0.14440700072824816,0.152536907399607,-9.8103381709609128,-5.6996177656528464E-11
0.96300244270710555,0.64759201997762406,0.32737901335588293,0,109.33120031545248,321.94205788865548,6391129.737352334,6398840.20007763,5.0349628661423512E-05,1.7078089564642166E-05,2.4559050715364728E-05,0.005631595588408575,0.002829411255149278,0.00080948071572036406,-0.046438053179016323,0.015800338091493161,-9.8103399686449588,0.00015657811947084654,-8.9550787506717357E-05,8.4401281495361424E-05,-0.14441383644659372,0.15254412542446993,-9.8103399686449588,-5.7010015682670164E-11
0.96305279232116492,0.64762192603450153,0.32737901335588293,0,109.33120031545248,321.94205788865548,6391131.5917315325,6398840.8189500468,5.0349614059393091E-05,1.7078087913686E-05,2.4561686174149964E-05,0.0056319658598878164,0.0028493776224279618,0.00083989484685700986,-0.0464402513131813,0.015801083461920589,-9.810341766212284,0.00015657807406120749,-8.9553759246681328E-05,8.4406013090869254E-05,-0.14442067224107816,0.15255134352943742,-9.810341766212284,-5.7023855532883047E-11
0.9631031419206233,0.64765183425324779,0.32737901335588293,0,109.33120031545248,321.94205788865548,6391133.4459768794,6398841.4377776738,5.0349599458425128E-05,1.7078086262849641E-05,2.4564322013706546E-05,0.0056336259634935581,0.002873887142061791,0.000874763505884332,-0.046442449471857258,0.015801828840366985,-9.8103435636628564,0.00015657802865487249,-8.9556731094316076E-05,8.4410744914830123E-05,-0.14442750811178723,0.15255856171460011,-9.8103435636628564,-5.7037697207564004E-11
0.9631534915054818,0.64768174463425121,0.32737901335588293,0,109.33120031545248,321.94205788865548,6391135.3000883665,6398842.056560507,5.0349584858519689E-05,1.7078084612133094E-05,2.4566958234130466E-05,0.0056315680352340188,0.0028971660371143156,0.000907574450216997,-0.046444647655071787,0.015802574226841722,-9.8103453609966564,0.00015657798325184174,-8.9559703049614119E-05,8.4415476967334915E-05,-0.14443434405880679,0.15256577998004864,-9.8103453609966564,-5.7051540707110193E-11
0.96320384107574142,0.64771165717790025,0.32737901335588293,0,109.33120031545248,321.94205788865548,6391137.1540659918,6398842.6752985455,5.0349570259676796E-05,1.7078082961536364E-05,2.4569594835517741E-05,0.0056328927224922956,0.0029217223520177343,0.00094355208368094028,-0.046446845862852477,0.01580331962135419,-9.8103471582136628,0.00015657793785211533,-8.9562675112567826E-05,8.4420209248474459E-05,-0.14444118008222259,0.15257299832587365,-9.8103471582136628,-5.7065386031918763E-11
0.96325419063140327,0.64774157188458348,0.32737901335588293,0,109.33120031545248,321.94205788865548,6391139.0079097478,6398843.2939917874,5.0349555661896495E-05,1.707808131105946E-05,2.4572231817964413E-05,0.0056336203376645142,0.0029452915976565857,0.00097815424888913387,-0.046449044095226974,0.01580406502391378,-9.8103489553138488,0.00015657789245569336,-8.95656472831697E-05,8.4424941758339691E-05,-0.14444801618212064,0.15258021675216588,-9.8103489553138488,-5.7079233182387207E-11
0.96330454017246847,0.64777148875468971,0.32737901335588293,0,109.33120031545248,321.94205788865548,6391140.8616196327,6398843.9126402326,5.0349541065178808E-05,1.7078079660702376E-05,2.4574869181566563E-05,0.0056343516886041859,0.002969490649489882,0.0010136712010738605,-0.046451242352222873,0.015804810434529883,-9.8103507522971984,0.00015657784706257595,-8.95686195614121E-05,8.4429674497021564E-05,-0.14445485235858671,0.15258743525901608,-9.8103507522971984,-5.7093082158912927E-11
0.963354889698938,0.64780140778860762,0.32737901335588293,0,109.33120031545248,321.94205788865548,6391142.7151956391,6398844.5312438775,5.034952646952378E-05,1.7078078010465124E-05,2.4577506926420314E-05,0.0056332520838478289,0.00299804990069007,0.0010530496331793606,-0.046453440633867832,0.015805555853211896,-9.8103525491636816,0.0001565778016727632,-8.95715919472875E-05,8.4434407464611055E-05,-0.14446168861170686,0.152594653846515,-9.8103525491636816,-5.7106932961893654E-11
0.96340523921081289,0.64783132898672624,0.32737901335588293,0,109.33120031545248,321.94205788865548,6391144.5686377641,6398845.149802722,5.0349511874931441E-05,1.7078076360347703E-05,2.4580145052621785E-05,0.005633648231272043,0.0030223651146133253,0.0010897775506283557,-0.046455638940189482,0.01580630127996922,-9.8103543459132769,0.00015657775628625522,-8.95745644407883E-05,8.4439140661199142E-05,-0.144468524941567,0.15260187251475341,-9.8103543459132769,-5.7120785591727121E-11
0.96345558870809433,0.64786125234943448,0.32737901335588293,0,109.33120031545248,321.94205788865548,6391146.4219460031,6398845.7683167644,5.0349497281401823E-05,1.7078074710350121E-05,2.4582783560267163E-05,0.0056349917795528873,0.0030501141679250832,0.001130392769073423,-0.046457837271215476,0.01580704671481125,-9.8103561425459667,0.00015657771090305211,-8.9577537041906971E-05,8.4443874086876871E-05,-0.14447536134825312,0.15260909126382222,-9.8103561425459667,-5.71346400488112E-11
0.96350593819078323,0.64789117787712136,0.32737901335588293,0,109.33120031545248,321.94205788865548,6391148.27512035,6398846.3867860036,5.034948268893498E-05,1.7078073060472377E-05,2.4585422449452657E-05,0.0056329601419892886,0.0030778630053612042,0.0011696962209258148,-0.046460035626973505,0.015807792157747406,-9.81035793906172,0.00015657766552315403,-8.9580509750635941E-05,8.4448607741735343E-05,-0.14448219783185134,0.15261631009381227,-9.81035793906172,-5.714849633354406E-11
0.96355628765888079,0.64792110557017613,0.32737901335588293,0,109.33120031545248,321.94205788865548,6391150.1281607989,6398847.0052104359,5.0349468097530933E-05,1.7078071410714484E-05,2.45880617202745E-05,0.0056346539501395026,0.003108119724354754,0.0012129122471900159,-0.046462234007491214,0.015808537608787088,-9.810359735460521,0.00015657762014656106,-8.9583482566967613E-05,8.445334162586563E-05,-0.14448903439244762,0.15262352900481446,-9.810359735460521,-5.7162354446323764E-11
0.963606637112388,0.647951035428988,0.32737901335588293,0,109.33120031545248,321.94205788865548,6391151.9810673483,6398847.6235900614,5.0349453507189716E-05,1.7078069761076437E-05,2.4590701372828959E-05,0.0056354082734064673,0.0031362801982991063,0.001254185639962176,-0.046464432412796304,0.015809283067939717,-9.8103615317423429,0.0001565775747732733,-8.9586455490894465E-05,8.4458075739358873E-05,-0.14449587103012812,0.15263074799691972,-9.8103615317423429,-5.71762143875487E-11
0.96365698655130594,0.6479809674539464,0.32737901335588293,0,109.33120031545248,321.94205788865548,6391153.8338399921,6398848.2419248791,5.034943891791137E-05,1.7078068111558241E-05,2.4593341407212342E-05,0.0056333884096616037,0.0031660745410679553,0.0012964633501090961,-0.046466630842916495,0.015810028535214706,-9.8103633279071616,0.00015657752940329087,-8.9589428522408881E-05,8.4462810082306267E-05,-0.14450270774497903,0.15263796707021912,-9.8103633279071616,-5.7190076157617369E-11
0.96370733597563563,0.64801090164544062,0.32737901335588293,0,109.33120031545248,321.94205788865548,6391155.6864787247,6398848.8602148863,5.0349424329695928E-05,1.7078066462159908E-05,2.459598182352097E-05,0.0056347514671603784,0.0031972330306588607,0.0013420354198259985,-0.046468829297879453,0.015810774010621472,-9.8103651239549574,0.00015657748403661388,-8.9592401661503312E-05,8.4467544654798967E-05,-0.14450954453708639,0.15264518622480355,-9.8103651239549574,-5.7203939756928227E-11
0.9637576853853782,0.64804083800386036,0.32737901335588293,0,109.33120031545248,321.94205788865548,6391157.5389835425,6398849.4784600819,5.0349409742543431E-05,1.7078064812881432E-05,2.4598622621851216E-05,0.0056355177965002039,0.0032274910576423907,0.0013863598762442148,-0.046471027777712927,0.015811519494169455,-9.8103669198857091,0.00015657743867324245,-8.95953749081702E-05,8.4472279456928234E-05,-0.14451638140653653,0.15265240546076414,-9.8103669198857091,-5.7217805185880153E-11
0.96380803478053467,0.64807077652959533,0.32737901335588293,0,109.33120031545248,321.94205788865548,6391159.39135444,6398850.0966604641,5.0349395156453906E-05,1.7078063163722826E-05,2.4601263802299477E-05,0.0056335100488912517,0.0032594089660295785,0.0014346610354998852,-0.046473226282444637,0.015812264985868067,-9.8103687156993864,0.00015657739331317665,-8.9598348262401927E-05,8.4477014488785318E-05,-0.14452321835341558,0.15265962477819195,-9.8103687156993864,-5.723167244487192E-11
0.96385838416110614,0.64810071722303519,0.32737901335588293,0,109.33120031545248,321.94205788865548,6391161.2435914129,6398850.714816031,5.0349380571427388E-05,1.7078061514684088E-05,2.4603905364962174E-05,0.0056348853486958084,0.0032927171575193102,0.0014804270100521281,-0.046475424812102317,0.015813010485726746,-9.8103705113959734,0.00015657734795641664,-8.960132172419096E-05,8.4481749750461524E-05,-0.14453005537780986,0.15266684417717805,-9.8103705113959734,-5.7245541534302512E-11
0.96390873352709361,0.64813066008456977,0.32737901335588293,0,109.33120031545248,321.94205788865548,6391163.0956944572,6398851.3329267828,5.0349365987463916E-05,1.7078059865765223E-05,2.4606547309935773E-05,0.00563566405121616,0.003325150580080905,0.0015279178442855954,-0.046477623366713738,0.015813755993754931,-9.8103723069754416,0.00015657730260296249,-8.9604295293529745E-05,8.448648524204818E-05,-0.14453689247980567,0.15267406365781366,-9.8103723069754416,-5.72594124545712E-11
0.96395908287849819,0.648160605114589,0.32737901335588293,0,109.33120031545248,321.94205788865548,6391164.9476635661,6398851.9509927155,5.0349351404563531E-05,1.7078058216966236E-05,2.4609189637316766E-05,0.0056342696500902394,0.0033608783718783054,0.0015787673250594974,-0.046479821946306649,0.015814501509962057,-9.8103741024377769,0.00015657725725281435,-8.960726897041068E-05,8.4491220963636644E-05,-0.14454372965948936,0.15268128322018998,-9.8103741024377769,-5.7273285206077144E-11
0.96400943221532087,0.64819055231348288,0.32737901335588293,0,109.33120031545248,321.94205788865548,6391166.7994987369,6398852.5690138284,5.034933682272626E-05,1.7078056568287135E-05,2.4611832347201673E-05,0.0056358909586348843,0.0033964333755366885,0.001628421585111395,-0.046482020550908811,0.015815247034357566,-9.8103758977829454,0.00015657721190597229,-8.96102427548262E-05,8.44959569153183E-05,-0.14455056691694723,0.15268850286439814,-9.8103758977829454,-5.7287159789219787E-11
0.96405978153756278,0.64822050168164169,0.32737901335588293,0,109.33120031545248,321.94205788865548,6391168.6511999648,6398853.1869901214,5.0349322241952138E-05,1.7078054919727916E-05,2.4614475439687042E-05,0.0056366824632277483,0.0034311203397500959,0.0016821283233790657,-0.046484219180548007,0.015815992566950904,-9.8103776930109312,0.00015657716656243643,-8.9613216646768732E-05,8.4500693097184593E-05,-0.14455740425226571,0.15269572259052941,-9.8103776930109312,-5.7301036204398651E-11
0.964110130845225,0.64825045321945551,0.32737901335588293,0,109.33120031545248,321.94205788865548,6391170.5027672425,6398853.8049215917,5.0349307662241212E-05,1.7078053271288586E-05,2.4617118914869469E-05,0.0056347001736385405,0.0034675194371720087,0.0017340207962122077,-0.046486417835252036,0.01581673810775152,-9.8103794881217112,0.00015657712122220692,-8.9616190646230753E-05,8.450542950932694E-05,-0.1445642416655312,0.15270294239867513,-9.8103794881217112,-5.7314914452013427E-11
0.96416048013830857,0.6482804069273147,0.32737901335588293,0,109.33120031545248,321.94205788865548,6391172.354200568,6398854.4228082364,5.0349293083593509E-05,1.7078051622969156E-05,2.4619762772845574E-05,0.0056364438556832167,0.003506530328570504,0.0017870457026495671,-0.046488616515048709,0.015817483656768872,-9.8103812831152588,0.00015657707588528384,-8.961916475320462E-05,8.451016615183688E-05,-0.14457107915683021,0.15271016228892662,-9.8103812831152588,-5.7328794532464E-11
0.96421082941681457,0.64831036280560972,0.32737901335588293,0,109.33120031545248,321.94205788865548,6391174.205499935,6398855.0406500567,5.0349278506009069E-05,1.7078049974769621E-05,2.4622407013712009E-05,0.0056372486107508111,0.0035435487920720812,0.0018441499780036373,-0.046490815219965835,0.015818229214012412,-9.8103830779915562,0.00015657703055166732,-8.962213896768281E-05,8.4514903024805917E-05,-0.14457791672624926,0.15271738226137518,-9.8103830779915562,-5.7342676446150325E-11
0.964261178680744,0.648340320854731,0.32737901335588293,0,109.33120031545248,321.94205788865548,6391176.05666534,6398855.6584470505,5.0349263929487913E-05,1.7078048326689989E-05,2.4625051637565442E-05,0.0056354287136533105,0.0035815934360840067,0.0019010879866441332,-0.046493013950031227,0.015818974779491603,-9.8103848727505731,0.00015657698522135742,-8.9625113289657721E-05,8.4519640128325585E-05,-0.14458475437387477,0.15272460231611226,-9.8103848727505731,-5.7356560193472389E-11
0.964311527930098,0.64837028107506922,0.32737901335588293,0,109.33120031545248,321.94205788865548,6391177.907696778,6398856.2761992142,5.0349249354030095E-05,1.7078046678730263E-05,2.462769664450261E-05,0.0056371860189389665,0.003622987905667268,0.0019575877468898635,-0.046495212705272723,0.01581972035321591,-9.8103866673922937,0.00015657693989435428,-8.9628087719121791E-05,8.45243774624875E-05,-0.14459159209979339,0.15273182245322925,-9.8103866673922937,-5.7370445774830532E-11
0.96436187716487765,0.64840024346701508,0.32737901335588293,0,109.33120031545248,321.94205788865548,6391179.7585942447,6398856.8939065486,5.0349234779635629E-05,1.7078045030890446E-05,2.4630342034620237E-05,0.0056380045583669988,0.0036624158718742113,0.0020152714766186221,-0.046497411485718176,0.015820465935194792,-9.810388461916693,0.000156576894570658,-8.9631062256067431E-05,8.4529115027383252E-05,-0.14459842990409166,0.15273904267281765,-9.810388461916693,-5.7384333190625104E-11
0.964412226385084,0.6484302080309593,0.32737901335588293,0,109.33120031545248,321.94205788865548,6391181.6093577333,6398857.51156905,5.0349220206304575E-05,1.7078043383170545E-05,2.4632987808015121E-05,0.0056366505080226326,0.0037052161785380705,0.0020764297100596082,-0.046499610291395439,0.015821211525437733,-9.8103902563237462,0.00015657684925026873,-8.96340369004871E-05,8.45338528231045E-05,-0.14460526778685626,0.15274626297496891,-9.8103902563237462,-5.7398222441256575E-11
0.964462575590718,0.6484601747672929,0.32737901335588293,0,109.33120031545248,321.94205788865548,6391183.4599872408,6398858.1291867187,5.0349205634036954E-05,1.7078041735570564E-05,2.4635633964784065E-05,0.005637821101599892,0.0037474638319556636,0.0021371766967279368,-0.046501809122332372,0.0158219571239542,-9.81039205061343,0.00015657680393318653,-8.9637011652373222E-05,8.4538590849742961E-05,-0.14461210574817379,0.15275348335977459,-9.81039205061343,-5.7412113527125618E-11
0.96451292478178086,0.64849014367640678,0.32737901335588293,0,109.33120031545248,321.94205788865548,6391185.3104827618,6398858.7467595525,5.0349191062832807E-05,1.7078040088090506E-05,2.4638280505023906E-05,0.0056383113790950835,0.0037882095448250009,0.00220076743583292,-0.046504007978556867,0.015822702730753674,-9.8103938447857235,0.00015657675861941153,-8.9639986511718208E-05,8.45433291073903E-05,-0.14461894378813103,0.15276070382732629,-9.8103938447857235,-5.7426006448633015E-11
0.96456327395827357,0.64852011475869209,0.32737901335588293,0,109.33120031545248,321.94205788865548,6391187.1608442925,6398859.3642875487,5.034917649269216E-05,1.7078038440730374E-05,2.4640927428831528E-05,0.0056373145184679622,0.00383469332398439,0.0022633164705887373,-0.046506206860096787,0.015823448345845634,-9.8103956388406068,0.00015657671330894385,-8.9642961478514488E-05,8.45480675961383E-05,-0.14462578190681458,0.15276792437771553,-9.8103956388406068,-5.7439901206179665E-11
0.96461362312019716,0.64855008801454,0.32737901335588293,0,109.33120031545248,321.94205788865548,6391189.0110718263,6398859.9817707082,5.0349161923615069E-05,1.7078036793490172E-05,2.4643574736303824E-05,0.00563815723050966,0.0038783105747409834,0.0023271137944653212,-0.046508405766980052,0.015824193969239564,-9.81039743277805,0.00015657666800178359,-8.9645936552754525E-05,8.4552806316078724E-05,-0.1446326201043113,0.15277514501103398,-9.81039743277805,-5.7453797800166646E-11
0.96466397226755274,0.6485800634443416,0.32737901335588293,0,109.33120031545248,321.94205788865548,6391190.8611653615,6398860.5992090274,5.0349147355601539E-05,1.7078035146369906E-05,2.464622242753774E-05,0.0056390051139644255,0.00392279163669703,0.0023951068233387506,-0.046510604699234542,0.015824939600944957,-9.81039922659804,0.00015657662269793086,-8.9648911734430662E-05,8.4557545267303379E-05,-0.14463945838070788,0.1527823657273733,-9.81039922659804,-5.74676962309951E-11
0.96471432140034141,0.64861004104848852,0.32737901335588293,0,109.33120031545248,321.94205788865548,6391192.7111248905,6398861.2166025043,5.0349132788651631E-05,1.7078033499369584E-05,2.464887050263025E-05,0.0056378049184098644,0.0039695660406455875,0.0024614171352196545,-0.046512803656888216,0.015825685240971308,-9.81040102030054,0.00015657657739738578,-8.9651887023535365E-05,8.4562284449904123E-05,-0.14464629673609125,0.15278958652682523,-9.81040102030054,-5.7481596499066435E-11
0.96476467051856418,0.64864002082737215,0.32737901335588293,0,109.33120031545248,321.94205788865548,6391194.5609504106,6398861.83395114,5.034911822276536E-05,1.7078031852489198E-05,2.4651518961678347E-05,0.0056392639101930852,0.0040174092293578621,0.0025283812772711415,-0.046515002639968966,0.015826430889328103,-9.81040281388554,0.00015657653210014841,-8.9654862420061071E-05,8.4567023863972828E-05,-0.1446531351705482,0.15279680740948146,-9.81040281388554,-5.7495498604782062E-11
0.96481501962222216,0.64867000278138409,0.32737901335588293,0,109.33120031545248,321.94205788865548,6391196.4106419142,6398862.45125493,5.0349103657942793E-05,1.7078030205728762E-05,2.4654167804779076E-05,0.0056401274154465244,0.0040645338439371653,0.0026002362970649335,-0.046517201648504751,0.015827176546024852,-9.81040460735301,0.00015657648680621897,-8.9657837924000258E-05,8.4571763509601409E-05,-0.14465997368416561,0.15280402837543375,-9.81040460735301,-5.7509402548543577E-11
0.96486536871131634,0.6486999869109159,0.32737901335588293,0,109.33120031545248,321.94205788865548,6391198.2601994006,6398863.0685138758,5.034908909418393E-05,1.7078028559088276E-05,2.4656817032029494E-05,0.00563867001303671,0.0041158209679717558,0.0026711387427912842,-0.046519400682523505,0.015827922211071054,-9.8104064007029326,0.00015657644151559745,-8.9660813535345229E-05,8.45765033868818E-05,-0.1446668122770304,0.15281124942477392,-9.8104064007029326,-5.7523308330752732E-11
0.96491571778584784,0.64872997321635939,0.32737901335588293,0,109.33120031545248,321.94205788865548,6391200.1096228613,6398863.6857279735,5.0349074531488832E-05,1.7078026912567747E-05,2.4659466643526706E-05,0.0056392016133273264,0.0041635816675358525,0.0027420425240849196,-0.046521599742053214,0.015828667884476216,-9.8104081939352774,0.00015657639622828406,-8.9663789254088529E-05,8.4581243495905983E-05,-0.1446736509492296,0.1528184705575939,-9.8104081939352774,-5.7537215951811422E-11
0.96496606684581765,0.64875996169810646,0.32737901335588293,0,109.33120031545248,321.94205788865548,6391201.9589122934,6398864.3028972223,5.0349059969857519E-05,1.7078025266167174E-05,2.4662116639367837E-05,0.005641024967948465,0.0042162061394281367,0.0028178762722687605,-0.046523798827121834,0.01582941356624985,-9.8104099870500274,0.00015657635094427883,-8.9666765080222488E-05,8.4585983836765966E-05,-0.14468048970085012,0.15282569177398547,-9.8104099870500274,-5.7551125412121687E-11
0.96501641589122689,0.648789952356549,0.32737901335588293,0,109.33120031545248,321.94205788865548,6391203.8080676934,6398864.92002162,5.0349045409290025E-05,1.7078023619886572E-05,2.4664767019650051E-05,0.0056419104456955733,0.0042669771611409234,0.00289212797342255,-0.04652599793775735,0.015830159256401466,-9.81041178004716,0.00015657630566358189,-8.9669741013739557E-05,8.4590724409553775E-05,-0.144687328531979,0.15283291307404057,-9.81041178004716,-5.7565036712085609E-11
0.96506676492207666,0.64881994519207908,0.32737901335588293,0,109.33120031545248,321.94205788865548,6391205.6570890537,6398865.5371011663,5.03490308497864E-05,1.7078021973725931E-05,2.4667417784470538E-05,0.0056401724491391284,0.0043189128154972689,0.0029693542429626027,-0.04652819707398774,0.015830904954940585,-9.8104135729266471,0.00015657626038619336,-8.96727170546322E-05,8.4595465214361472E-05,-0.14469416744270325,0.15284013445785111,-9.8104135729266471,-5.7578949852105481E-11
0.965117113938368,0.6488499402050889,0.32737901335588293,0,109.33120031545248,321.94205788865548,6391207.5059763724,6398866.1541358586,5.0349016291346664E-05,1.7078020327685263E-05,2.4670068933926536E-05,0.0056420128650034483,0.0043743372014810634,0.0030463492025759736,-0.046530396235841036,0.015831650661876733,-9.8104153656884687,0.00015657621511211338,-8.967569320289279E-05,8.46002062512812E-05,-0.14470100643311004,0.15284735592550913,-9.8104153656884687,-5.7592864832583838E-11
0.96516746294010192,0.64887993739597061,0.32737901335588293,0,109.33120031545248,321.94205788865548,6391209.3547296412,6398866.7711256957,5.0349001733970872E-05,1.7078018681764572E-05,2.4672720468115303E-05,0.0056401375873889647,0.0044288773169777248,0.0031276691737893532,-0.04653259542334523,0.015832396377219428,-9.8104171583326032,0.00015657616984134204,-8.9678669458513816E-05,8.4604947520405078E-05,-0.14470784550328644,0.15285457747710665,-9.8104171583326032,-5.7606781653923179E-11
0.96521781192727962,0.64890993676511666,0.32737901335588293,0,109.33120031545248,321.94205788865548,6391211.20334886,6398867.3880706765,5.0348987177659028E-05,1.7078017035963862E-05,2.4675372387134116E-05,0.0056413890412976347,0.0044846033114355763,0.0032081157929940191,-0.046534794636528355,0.015833142100978196,-9.8104189508590274,0.00015657612457387938,-8.9681645821487608E-05,8.4609689021825261E-05,-0.1447146846533196,0.15286179911273565,-9.8104189508590274,-5.7620700316526161E-11
0.96526816089990208,0.64893993831291941,0.32737901335588293,0,109.33120031545248,321.94205788865548,6391213.05183402,6398868.0049707983,5.0348972622411206E-05,1.7078015390283135E-05,2.467802469108032E-05,0.0056423040350929536,0.0045401272579745841,0.0032893229838689003,-0.046536993875418438,0.015833887833162578,-9.8104207432677164,0.00015657607930972566,-8.96846222918067E-05,8.4614430755633975E-05,-0.14472152388329668,0.15286902083248827,-9.8104207432677164,-5.7634620820795706E-11
0.9653185098579703,0.64896994203977143,0.32737901335588293,0,109.33120031545248,321.94205788865548,6391214.9001851194,6398868.62182606,5.0348958068227406E-05,1.7078013744722396E-05,2.4680677380051252E-05,0.005641539484956673,0.0045996375029813946,0.0033735696505116184,-0.046539193140043546,0.015834633573782109,-9.810422535558649,0.00015657603404888083,-8.96875988694634E-05,8.4619172721923445E-05,-0.14472836319330498,0.15287624263645666,-9.810422535558649,-5.7648543167134804E-11
0.96536885880148537,0.6489999479460653,0.32737901335588293,0,109.33120031545248,321.94205788865548,6391216.7484021513,6398869.238636462,5.0348943515107691E-05,1.7078012099281648E-05,2.46833304541443E-05,0.0056427002579495138,0.0046571428489014938,0.0034582948723900983,-0.046541392430431705,0.015835379322846319,-9.8104243277318037,0.00015657598879134511,-8.96905755544502E-05,8.4623914920785922E-05,-0.14473520258343164,0.15288346452473287,-9.8104243277318037,-5.7662467355946455E-11
0.96541920773044843,0.64902995603219371,0.32737901335588293,0,109.33120031545248,321.94205788865548,6391218.5964851119,6398869.855402,5.0348928963052085E-05,1.7078010453960893E-05,2.4685983913456892E-05,0.0056439767859824868,0.0047167925876354377,0.0035444879618816306,-0.046543591746611,0.015836125080364756,-9.8104261197871523,0.00015657594353711858,-8.9693552346759541E-05,8.4628657352313726E-05,-0.144742042053764,0.15289068649740914,-9.8104261197871523,-5.7676393387634012E-11
0.96546955664486045,0.64905996629854956,0.32737901335588293,0,109.33120031545248,321.94205788865548,6391220.4444339965,6398870.4721226729,5.0348914412060617E-05,1.7078008808760146E-05,2.4688637758086486E-05,0.0056421390088666878,0.0047772186541489275,0.0036344275934288082,-0.046545791088609505,0.015836870846346971,-9.81042791172468,0.00015657589828620131,-8.9696529246383782E-05,8.4633400016599191E-05,-0.1447488816043894,0.15289790855457777,-9.81042791172468,-5.7690321262600907E-11
0.96551990554472256,0.64908997874552576,0.32737901335588293,0,109.33120031545248,321.94205788865548,6391222.2922488013,6398871.088798481,5.0348899862133321E-05,1.7078007163679397E-05,2.4691291988130544E-05,0.0056435775321406487,0.0048381706845120106,0.0037222472501389592,-0.046547990456455308,0.015837616620802509,-9.8104297035443562,0.00015657585303859343,-8.9699506253315361E-05,8.4638142913734664E-05,-0.14475572123539515,0.15290513069633094,-9.8104297035443562,-5.7704250981250572E-11
0.96557025443003586,0.64911999337351534,0.32737901335588293,0,109.33120031545248,321.94205788865548,6391224.13992952,6398871.7054294208,5.0348885313270244E-05,1.7078005518718659E-05,2.4693946603686602E-05,0.00564547475561387,0.00490246281203681,0.0038122303231381692,-0.046550189850176504,0.015838362403740924,-9.8104314952461618,0.00015657580779429508,-8.9702483367546716E-05,8.464288604381256E-05,-0.14476256094686862,0.1529123529227609,-9.8104314952461618,-5.7718182543986696E-11
0.96562060330080135,0.64915001018291141,0.32737901335588293,0,109.33120031545248,321.94205788865548,6391225.9874761486,6398872.3220154913,5.0348870765471419E-05,1.7078003873877932E-05,2.4696601604852204E-05,0.005643657160994524,0.0049659489935748747,0.0039066555559711513,-0.0465523892698012,0.015839108195171772,-9.8104332868300723,0.00015657576255330636,-8.9705460589070257E-05,8.4647629406925292E-05,-0.14476940073889724,0.15291957523396005,-9.8104332868300723,-5.7732115951213156E-11
0.96567095215702,0.64918002917410711,0.32737901335588293,0,109.33120031545248,321.94205788865548,6391227.8348886818,6398872.9385566926,5.0348856218736882E-05,1.7078002229157219E-05,2.4699256991724923E-05,0.0056446246416647656,0.0050295293747530017,0.0039996681416482795,-0.046554588715357531,0.015839853995104621,-9.8104350782960683,0.00015657571731562739,-8.9708437917878435E-05,8.4652373003165331E-05,-0.14477624061156849,0.15292679763002079,-9.8104350782960683,-5.7746051203333838E-11
0.96572130099869313,0.64921005034749579,0.32737901335588293,0,109.33120031545248,321.94205788865548,6391229.6821671166,6398873.55505302,5.0348841673066658E-05,1.7078000584556531E-05,2.470191276440238E-05,0.0056455992920067342,0.0050941556525766,0.0040942152115918777,-0.046556788186873622,0.01584059980354903,-9.8104368696441231,0.00015657567208125821,-8.9711415353963648E-05,8.4657116832625185E-05,-0.14478308056496983,0.15293402011103546,-9.8104368696441231,-5.7759988300752856E-11
0.96577164982582164,0.64924007370347081,0.32737901335588293,0,109.33120031545248,321.94205788865548,6391231.5293114455,6398874.1715044742,5.0348827128460795E-05,1.7077998940075867E-05,2.4704568922982221E-05,0.005644294561429058,0.0051612380602057,0.004192575625315588,-0.046558987684377606,0.01584134562051457,-9.8104386608742136,0.00015657562685019902,-8.9714392897318319E-05,8.4661860895397364E-05,-0.14478992059918877,0.1529412426770965,-9.8104386608742136,-5.7773927243874445E-11
0.96582199863840656,0.64927009924242574,0.32737901335588293,0,109.33120031545248,321.94205788865548,6391233.3763216659,6398874.7879110528,5.0348812584919328E-05,1.7077997295715231E-05,2.4707225467562127E-05,0.005645884504300769,0.0052295911456392121,0.0042925080267985655,-0.046561187207897647,0.015842091446010811,-9.810440451986322,0.00015657558162244991,-8.9717370547934874E-05,8.4666605191574445E-05,-0.14479676071431288,0.15294846532829642,-9.810440451986322,-5.7787868033102978E-11
0.965872347436449,0.64930012696475414,0.32737901335588293,0,109.33120031545248,321.94205788865548,6391235.2231977731,6398875.4042727547,5.0348798042442276E-05,1.7077995651474627E-05,2.4709882398239794E-05,0.00564688113475017,0.0052974079872970554,0.004391736628342119,-0.046563386757461883,0.015842837280047328,-9.8104422429804234,0.00015657553639801091,-8.9720348305805681E-05,8.4671349721248993E-05,-0.14480360091042965,0.15295568806472762,-9.8104422429804234,-5.7801810668842877E-11
0.96592269621995008,0.64933015687084972,0.32737901335588293,0,109.33120031545248,321.94205788865548,6391237.0699397605,6398876.020589578,5.0348783501029694E-05,1.707799400735406E-05,2.4712539715112978E-05,0.0056454498220791056,0.0053684188789842654,0.00449320854833769,-0.046565586333098513,0.015843583122633696,-9.81044403385649,0.00015657549117688223,-8.9723326170923246E-05,8.4676094484513665E-05,-0.14481044118762679,0.15296291088648278,-9.81044403385649,-5.7815755151498852E-11
0.96597304498891079,0.64936018896110625,0.32737901335588293,0,109.33120031545248,321.94205788865548,6391238.9165476253,6398876.6368615218,5.0348768960681608E-05,1.7077992363353536E-05,2.4715197418279447E-05,0.0056474051417294722,0.0054411843069127139,0.0045956235708337215,-0.046567785934835716,0.01584432897377951,-9.8104458246145043,0.00015657544595906395,-8.9726304143279939E-05,8.4680839481461107E-05,-0.14481728154599194,0.15297013379365437,-9.8104458246145043,-5.78297014814757E-11
0.96602339374333224,0.64939022323591755,0.32737901335588293,0,109.33120031545248,321.94205788865548,6391240.763021362,6398877.2530885842,5.0348754421398053E-05,1.7077990719473052E-05,2.4717855507837007E-05,0.0056488072570399757,0.0055115770800588867,0.0047019058404383831,-0.046569985562701685,0.015845074833494344,-9.81044761525444,0.00015657540074455616,-8.9729282222868171E-05,8.4685584712184E-05,-0.14482412198561276,0.15297735678633506,-9.81044761525444,-5.7843649659178282E-11
0.96607374248321543,0.64942025969567774,0.32737901335588293,0,109.33120031545248,321.94205788865548,6391242.6093609668,6398877.8692707624,5.0348739883179063E-05,1.7077989075712621E-05,2.4720513983883507E-05,0.0056468235429618582,0.00558469366649126,0.0048098489825552536,-0.046572185216724613,0.015845820701787795,-9.810449405776275,0.00015657535553335896,-8.9732260409680392E-05,8.46903301767751E-05,-0.14483096250657693,0.15298457986461744,-9.810449405776275,-5.785759968501167E-11
0.96612409120856146,0.64945029834078083,0.32737901335588293,0,109.33120031545248,321.94205788865548,6391244.4555664323,6398878.4854080575,5.0348725346024692E-05,1.7077987432072241E-05,2.4723172846516803E-05,0.0056488028614467148,0.0056607800173941528,0.0049171420929406519,-0.046574384896932726,0.015846566578669449,-9.8104511961799918,0.00015657531032547254,-8.9735238703709042E-05,8.4695075875327127E-05,-0.14483780310897221,0.15299180302859422,-9.8104511961799918,-5.7871551559381083E-11
0.96617443991937135,0.649480339171621,0.32737901335588293,0,109.33120031545248,321.94205788865548,6391246.3016377585,6398879.1015004655,5.0348710809934932E-05,1.7077985788551919E-05,2.4725832095834816E-05,0.0056495044365049273,0.005734042497275051,0.0050254308850746828,-0.046576584603354253,0.015847312464148916,-9.8104529864655561,0.00015657526512089686,-8.97382171049464E-05,8.46998218079329E-05,-0.14484464379288642,0.1529990262783581,-9.8104529864655561,-5.7885505282691814E-11
0.96622478861564631,0.64951038218859247,0.32737901335588293,0,109.33120031545248,321.94205788865548,6391248.147574936,6398879.7175479857,5.0348696274909866E-05,1.707798414515166E-05,2.4728491731935472E-05,0.00564872239676129,0.0058133294582387056,0.0051389757838783256,-0.046578784336017413,0.015848058358235783,-9.8104547766329571,0.0001565752199196322,-8.9741195613385048E-05,8.4704567974685222E-05,-0.1448514845584073,0.15300624961400181,-9.8104547766329571,-5.789946085534935E-11
0.96627513729738723,0.64954042739208973,0.32737901335588293,0,109.33120031545248,321.94205788865548,6391249.9933779612,6398880.3335506162,5.0348681740949514E-05,1.7077982501871465E-05,2.4731151754916746E-05,0.0056492919356273385,0.0058895788612278507,0.0052519330460094188,-0.046580984094950484,0.01584880426093966,-9.8104565666821664,0.00015657517472167858,-8.9744174229017362E-05,8.4709314375676958E-05,-0.1448583254056228,0.15301347303561819,-9.8104565666821664,-5.7913418277759378E-11
0.96632548596459533,0.64957047478250707,0.32737901335588293,0,109.33120031545248,321.94205788865548,6391251.8390468312,6398880.9495083569,5.0348667208053895E-05,1.7077980858711336E-05,2.473381216487663E-05,0.00565096273353019,0.0059690447588816847,0.0053652575524070862,-0.0465831838801817,0.01584955017227016,-9.8104583566131627,0.00015657512952703612,-8.9747152951835733E-05,8.4714061011001E-05,-0.14486516633462068,0.15302069654330003,-9.8104583566131627,-5.7927377550327532E-11
0.9663758346172715,0.64960052436023918,0.32737901335588293,0,109.33120031545248,321.94205788865548,6391253.6845815415,6398881.565421205,5.0348652676223044E-05,1.7077979215671282E-05,2.4736472961913173E-05,0.0056526424087731666,0.0060496696866840487,0.0054832207951797905,-0.046585383691739347,0.015850296092236888,-9.81046014642592,0.00015657508433570487,-8.9750131781832543E-05,8.4718807880750251E-05,-0.14487200734548897,0.15302792013714023,-9.81046014642592,-5.794133867345979E-11
0.966426183255417,0.64963057612568076,0.32737901335588293,0,109.33120031545248,321.94205788865548,6391255.5299820844,6398882.1812891588,5.0348638145457023E-05,1.7077977572751307E-05,2.4739134146124427E-05,0.0056509521201756159,0.0061307976997988511,0.0056006245655440372,-0.046587583529651692,0.015851042020849464,-9.8104619361204133,0.00015657503914768504,-8.9753110719000258E-05,8.4723554985017681E-05,-0.14487884843831553,0.1530351438172316,-9.8104619361204133,-5.79553016475621E-11
0.96647653187903271,0.64966063007922648,0.32737901335588293,0,109.33120031545248,321.94205788865548,6391257.3752484582,6398882.7971122181,5.0348623615755843E-05,1.7077975929951411E-05,2.4741795717608495E-05,0.0056526499744443239,0.0062137670954154249,0.005722036915488558,-0.046589783393947037,0.015851787958117508,-9.8104637256966285,0.00015657499396297669,-8.97560897633313E-05,8.4728302323896284E-05,-0.1448856896131884,0.15304236758366713,-9.8104637256966285,-5.796926647304075E-11
0.96652688048811986,0.64969068622127124,0.32737901335588293,0,109.33120031545248,321.94205788865548,6391259.2203806546,6398883.4128903793,5.0348609087119567E-05,1.7077974287271604E-05,2.4744457676463513E-05,0.0056537564337439577,0.0062963134052261109,0.005842916165929312,-0.046591983284653665,0.015852533904050631,-9.8104655151545384,0.00015657494878157998,-8.9759068914818126E-05,8.4733049897479056E-05,-0.14489253087019549,0.15304959143653971,-9.8104655151545384,-5.7983233150301924E-11
0.9665772290826794,0.64972074455221007,0.32737901335588293,0,109.33120031545248,321.94205788865548,6391261.0653786724,6398884.0286236415,5.0348594559548194E-05,1.7077972644711886E-05,2.4747120022787646E-05,0.0056526951111615176,0.006382605367146626,0.0059678304521770011,-0.046594183201799907,0.015853279858658476,-9.81046730449412,0.00015657490360349491,-8.9762048173453018E-05,8.4737797705859063E-05,-0.14489937220942498,0.15305681537594237,-9.81046730449412,-5.7997201679752154E-11
0.96662757766271246,0.64975080507243788,0.32737901335588293,0,109.33120031545248,321.94205788865548,6391262.9102425054,6398884.6443120046,5.0348580033041786E-05,1.707797100227226E-05,2.4749782756679084E-05,0.0056538207310574944,0.00646754832811112,0.0060922378227609439,-0.046596383145414082,0.015854025821950665,-9.81046909371535,0.0001565748584287217,-8.9765027539228553E-05,8.474254574912941E-05,-0.14490621363096484,0.15306403940196819,-9.81046909371535,-5.8011172061798E-11
0.96667792622822,0.64978086778234989,0.32737901335588293,0,109.33120031545248,321.94205788865548,6391264.75497215,6398885.2599554658,5.0348565507600369E-05,1.7077969359952733E-05,2.4752445878236059E-05,0.0056549563308294706,0.0065537024748318967,0.0062213632633169452,-0.046598583115524519,0.015854771793936826,-9.8104708828182048,0.00015657481325726043,-8.9768007012137031E-05,8.4747294027383177E-05,-0.14491305513490324,0.15307126351471018,-9.8104708828182048,-5.80251442968462E-11
0.9667282747792032,0.64981093268234136,0.32737901335588293,0,109.33120031545248,321.94205788865548,6391266.5995676,6398885.8755540233,5.0348550983223971E-05,1.7077967717753308E-05,2.4755109387556826E-05,0.0056539246546604624,0.0066436286461038947,0.0063486952662383305,-0.046600783112159559,0.015855517774626605,-9.8104726718026658,0.00015657476808911115,-8.9770986592170864E-05,8.4752042540713537E-05,-0.14491989672132832,0.15307848771426147,-9.8104726718026658,-5.8039118385303568E-11
0.96677862331566311,0.64984099977280763,0.32737901335588293,0,109.33120031545248,321.94205788865548,6391268.4440288506,6398886.4911076771,5.0348536459912645E-05,1.7077966075673986E-05,2.4757773284739691E-05,0.0056545888647805062,0.0067317737825990124,0.0064791620848000811,-0.046602983135347567,0.015856263764029637,-9.8104744606687024,0.00015657472292427408,-8.9773966279322584E-05,8.4756791289213677E-05,-0.14492673839032824,0.15308571200071516,-9.8104744606687024,-5.8053094327577176E-11
0.96682897183760075,0.649871069054144,0.32737901335588293,0,109.33120031545248,321.94205788865548,6391270.2883558981,6398887.1066164235,5.0348521937666413E-05,1.7077964433714777E-05,2.476043756988297E-05,0.0056563560091801293,0.0068232226466061162,0.0066130619691248654,-0.046605183185116895,0.015857009762155573,-9.8104762494163,0.00015657467776274923,-8.97769460735845E-05,8.47615402729768E-05,-0.1449335801419912,0.15309293637416443,-9.8104762494163,-5.8067072124074154E-11
0.96687932034501722,0.6499011405267463,0.32737901335588293,0,109.33120031545248,321.94205788865548,6391272.1325487383,6398887.7220802633,5.0348507416485307E-05,1.7077962791875677E-05,2.4763102243085024E-05,0.0056575329101736177,0.0069143094115459132,0.0067465210854555637,-0.046607383261495931,0.015857755769014055,-9.8104780380454315,0.00015657463260453674,-8.9779925974949043E-05,8.4766289492096156E-05,-0.14494042197640547,0.15310016083470251,-9.8104780380454315,-5.808105177520174E-11
0.96692966883791365,0.64993121419101,0.32737901335588293,0,109.33120031545248,321.94205788865548,6391273.9766073646,6398888.3374991929,5.0348492896369383E-05,1.70779611501567E-05,2.4765767304444257E-05,0.0056568859091697824,0.0070103726217055308,0.0068847642775496177,-0.046609583364513062,0.015858501784614738,-9.81047982655607,0.00015657458744963677,-8.9782905983408671E-05,8.4771038946665072E-05,-0.14494726389365933,0.15310738538242266,-9.81047982655607,-5.8095033281367444E-11
0.966980017316291,0.64996129004733072,0.32737901335588293,0,109.33120031545248,321.94205788865548,6391275.8205317743,6398888.9528732114,5.0348478377318647E-05,1.7077959508557842E-05,2.4768432754059083E-05,0.0056577418621356988,0.0071028081970518683,0.0070212799537714057,-0.046611783494196687,0.015859247808967275,-9.8104816149482037,0.00015657454229804933,-8.9785886098955761E-05,8.4775788636776814E-05,-0.14495410589384111,0.15311461001741814,-9.8104816149482037,-5.8109016642978813E-11
0.96703036578015034,0.64999136809610447,0.32737901335588293,0,109.33120031545248,321.94205788865548,6391277.66432196,6398889.5682023177,5.0348463859333166E-05,1.7077957867079114E-05,2.4771098592027965E-05,0.005659895207498389,0.0072004638914517916,0.0071603289517580366,-0.0466139836505752,0.015859993842081324,-9.8104834032217987,0.00015657449714977464,-8.9788866321582764E-05,8.4780538562524748E-05,-0.14496094797703912,0.15312183473978219,-9.8104834032217987,-5.8123001860443473E-11
0.96708071422949271,0.65002144833772713,0.32737901335588293,0,109.33120031545248,321.94205788865548,6391279.50797792,6398890.1834865091,5.0348449342412948E-05,1.7077956225720516E-05,2.4773764818449375E-05,0.00565799563305433,0.0072963961244917018,0.0073035449883964041,-0.046616183833677043,0.015860739883966555,-9.8104851913768414,0.00015657445200481274,-8.9791846651282036E-05,8.4785288724002249E-05,-0.14496779014334177,0.15312905954960829,-9.8104851913768414,-5.8136988934169354E-11
0.96713106266431925,0.6500515307725947,0.32737901335588293,0,109.33120031545248,321.94205788865548,6391281.3514996488,6398890.7987257866,5.0348434826558033E-05,1.7077954584482047E-05,2.4776431433421853E-05,0.0056598292249872067,0.0073954530644159376,0.0074486641363066593,-0.046618384043530615,0.01586148593463263,-9.8104869794133034,0.00015657440686316372,-8.9794827088045988E-05,8.4790039121302734E-05,-0.14497463239283739,0.15313628444698968,-9.8104869794133034,-5.8150977864564364E-11
0.96718141108463107,0.65008161540110332,0.32737901335588293,0,109.33120031545248,321.94205788865548,6391283.19488714,6398891.4139201455,5.0348420311768476E-05,1.7077952943363721E-05,2.4779098437043948E-05,0.0056616746618321856,0.0074958084213810859,0.0075927655632356461,-0.046620584280164384,0.015862231994089215,-9.81048876733116,0.00015657436172482778,-8.9797807631867139E-05,8.4794789754519663E-05,-0.14498147472561451,0.15314350943201988,-9.81048876733116,-5.816496865203668E-11
0.96723175949042917,0.65011170222364922,0.32737901335588293,0,109.33120031545248,321.94205788865548,6391285.038140391,6398892.0290695867,5.0348405798044283E-05,1.7077951302365535E-05,2.4781765829414253E-05,0.0056601530834171267,0.007596805975596475,0.0077394531254671561,-0.0466227845436068,0.015862978062345993,-9.8104905551303911,0.00015657431658980492,-8.9800788282737764E-05,8.479954062374652E-05,-0.14498831714176161,0.15315073450479233,-9.8104905551303911,-5.8178961296994586E-11
0.96728210788171454,0.65014179124062876,0.32737901335588293,0,109.33120031545248,321.94205788865548,6391286.8812593957,6398892.6441741064,5.0348391285385515E-05,1.7077949661487495E-05,2.4784433610631391E-05,0.0056614218091170423,0.00769817613968472,0.0078910175438674,-0.046624984833886315,0.01586372413941263,-9.8104923428109778,0.00015657427145809532,-8.98037690406504E-05,8.48042917290768E-05,-0.14499515964136719,0.15315795966540052,-9.8104923428109778,-5.8192955799846495E-11
0.96733245625848829,0.65017188245243829,0.32737901335588293,0,109.33120031545248,321.94205788865548,6391288.7242441494,6398893.2592337057,5.03483767737922E-05,1.7077948020729606E-05,2.4787101780793993E-05,0.0056636465044204035,0.0078036492394378577,0.0080416042399774328,-0.046627185151031404,0.01586447022529882,-9.8104941303728879,0.00015657422632969911,-8.9806749905597377E-05,8.4809043070604057E-05,-0.14500200222451978,0.15316518491393794,-9.8104941303728879,-5.8206952161000854E-11
0.96738280462075155,0.65020197585947437,0.32737901335588293,0,109.33120031545248,321.94205788865548,6391290.5670946483,6398893.8742483808,5.0348362263264362E-05,1.7077946380091873E-05,2.4789770340000766E-05,0.0056618195522483671,0.0079074510547650374,0.0081964377539243335,-0.046629385495070549,0.015865216320014235,-9.8104959178161089,0.00015657418120461632,-8.98097308775711E-05,8.4813794648421883E-05,-0.14500884489130794,0.15317241025049813,-9.8104959178161089,-5.8220950380866433E-11
0.96743315296850529,0.65023207146213358,0.32737901335588293,0,109.33120031545248,321.94205788865548,6391292.4098108867,6398894.4892181316,5.0348347753802052E-05,1.7077944739574297E-05,2.4792439288350422E-05,0.0056635780897599268,0.0080151418897358179,0.00835164481234084,-0.046631585866032256,0.015865962423568573,-9.81049770514061,0.00015657413608284715,-8.9812711956564057E-05,8.4818546462623877E-05,-0.14501568764182035,0.15317963567517479,-9.81049770514061,-5.823495045985204E-11
0.96748350130175065,0.65026216926081259,0.32737901335588293,0,109.33120031545248,321.94205788865548,6391294.25239286,6398895.1041429555,5.03483332454053E-05,1.7077943099176884E-05,2.4795108625941709E-05,0.0056645552516183164,0.0081206933088832072,0.0085075232744551352,-0.046633786263945022,0.015866708535971521,-9.8104994923463753,0.00015657409096439165,-8.9815693142568644E-05,8.4823298513303687E-05,-0.14502253047614561,0.15318686118806144,-9.8104994923463753,-5.824895239836665E-11
0.96753384962048872,0.65029226925590833,0.32737901335588293,0,109.33120031545248,321.94205788865548,6391296.0948405657,6398895.7190228524,5.0348318738074128E-05,1.7077941458899639E-05,2.4797778352873416E-05,0.0056640536892818422,0.0082324957462582213,0.00866900190494606,-0.046635986688837353,0.015867454657232771,-9.8105012794333746,0.00015657404584924992,-8.9818674435577183E-05,8.4828050800555E-05,-0.14502937339437239,0.15319408678925178,-9.8105012794333746,-5.82629561968193E-11
0.9675841979247205,0.65032237144781757,0.32737901335588293,0,109.33120031545248,321.94205788865548,6391297.937153996,6398896.3338578185,5.0348304231808589E-05,1.7077939818742563E-05,2.4800448469244366E-05,0.0056650576323060689,0.0083407752925455554,0.0088289125165033362,-0.046638187140737794,0.015868200787362036,-9.8105030664015924,0.0001565740007374221,-8.9821655835582151E-05,8.4832803324471549E-05,-0.14503621639658942,0.15320131247883953,-9.8105030664015924,-5.82769618556194E-11
0.96763454621444711,0.65035247583693745,0.32737901335588293,0,109.33120031545248,321.94205788865548,6391299.7793331482,6398896.9486478548,5.0348289726608712E-05,1.7077938178705661E-05,2.4803118975153391E-05,0.0056670189452755265,0.0084532098757240555,0.0089937935485256658,-0.046640387619674886,0.015868946926369008,-9.8105048532509969,0.0001565739556289083,-8.9824637342576E-05,8.4837556085147034E-05,-0.14504305948288548,0.15320853825691846,-9.8105048532509969,-5.8290969375176152E-11
0.96768489448966954,0.650382582423665,0.32737901335588293,0,109.33120031545248,321.94205788865548,6391301.6213780157,6398897.5633929577,5.034827522247453E-05,1.707793653878894E-05,2.4805789870699392E-05,0.0056662160850025978,0.0085679738691242981,0.0091577899600231421,-0.046642588125677162,0.015869693074263398,-9.8105066399815737,0.00015657391052370862,-8.9827618956551071E-05,8.4842309082675278E-05,-0.1450499026533493,0.15321576412358229,-9.8105066399815737,-5.830497875589924E-11
0.96773524275038891,0.6504126912083974,0.32737901335588293,0,109.33120031545248,321.94205788865548,6391303.4632885959,6398898.178093127,5.0348260719406079E-05,1.70779348989924E-05,2.4808461155981268E-05,0.005667604738144586,0.0086815805316894385,0.0093274396900971737,-0.046644788658773188,0.015870439231054911,-9.8105084265932962,0.00015657386542182315,-8.9830600677499818E-05,8.4847062317150066E-05,-0.14505674590806975,0.15322299007892484,-9.8105084265932962,-5.83189899981982E-11
0.96778559099660633,0.650442802191532,0.32737901335588293,0,109.33120031545248,321.94205788865548,6391305.3050648822,6398898.79274836,5.0348246217403406E-05,1.7077933259316048E-05,2.4811132831097982E-05,0.00566900800339299,0.0087965906276543625,0.0094962318281189752,-0.046646989218991533,0.015871185396753265,-9.8105102130861432,0.00015657382032325208,-8.9833582505414623E-05,8.4851815788665249E-05,-0.14506358924713561,0.15323021612303994,-9.8105102130861432,-5.8333003102482975E-11
0.96783593922832278,0.6504729153734663,0.32737901335588293,0,109.33120031545248,321.94205788865548,6391307.1467068717,6398899.4073586557,5.0348231716466523E-05,1.7077931619759889E-05,2.4813804896148509E-05,0.0056710268695717315,0.0089146209767123619,0.0096693910420738143,-0.046649189806360791,0.015871931571368184,-9.8105119994600916,0.0001565737752279954,-8.983656444028791E-05,8.4856569497314733E-05,-0.14507043267063585,0.15323744225602154,-9.8105119994600916,-5.8347018069163435E-11
0.9678862874455394,0.65050303075459759,0.32737901335588293,0,109.33120031545248,321.94205788865548,6391308.9882145589,6398900.0219240133,5.0348217216595479E-05,1.7077929980323923E-05,2.4816477351231857E-05,0.0056701336103770631,0.0090357276403931416,0.0098430438569956889,-0.046651390420909523,0.015872677754909373,-9.8105137857151146,0.00015657373013605331,-8.9839546482112063E-05,8.4861323443192381E-05,-0.14507727617865926,0.15324466847796342,-9.8105137857151146,-5.8361034898649659E-11
0.96793663564825716,0.6505331483353235,0.32737901335588293,0,109.33120031545248,321.94205788865548,6391310.8295879392,6398900.63644443,5.0348202717790308E-05,1.7077928341008154E-05,2.4819150196447081E-05,0.0056715818151719935,0.0091550000746837591,0.010018144838760016,-0.046653591062666373,0.015873423947386577,-9.8105155718511945,0.00015657368504742587,-8.9842528630879533E-05,8.48660776263922E-05,-0.14508411977129496,0.1532518947889597,-9.8105155718511945,-5.8375053591351966E-11
0.96798698383647719,0.65056326811604182,0.32737901335588293,0,109.33120031545248,321.94205788865548,6391312.6708270079,6398901.2509199046,5.0348188220051042E-05,1.7077926701812593E-05,2.4821823431893253E-05,0.0056731946302738014,0.0092749987650750966,0.010196985190467354,-0.046655791731659915,0.01587417014880951,-9.8105173578683065,0.00015657363996211319,-8.9845510886582718E-05,8.4870832047008107E-05,-0.14509096344863176,0.1532591211891042,-9.8105173578683065,-5.8389074147680639E-11
0.96803733201020059,0.65059339009715034,0.32737901335588293,0,109.33120031545248,321.94205788865548,6391314.5119317584,6398901.8653504374,5.0348173723377738E-05,1.7077925062737233E-05,2.4824497057669487E-05,0.0056723480156705818,0.0094004203093832929,0.010377027594481052,-0.046657992427918807,0.015874916359187911,-9.81051914376643,0.00015657359488011548,-8.9848493249214027E-05,8.4875586705134145E-05,-0.1450978072107588,0.15326634767849109,-9.81051914376643,-5.8403096568046217E-11
0.96808768016942837,0.65062351427904686,0.32737901335588293,0,109.33120031545248,321.94205788865548,6391316.352902188,6398902.4797360236,5.03481592277704E-05,1.707792342378209E-05,2.4827171073874936E-05,0.0056738436315552582,0.0095240339110968866,0.01055855831265279,-0.046660193151471657,0.015875662578531513,-9.8105209295455342,0.0001565735498014327,-8.9851475718765871E-05,8.4880341600864363E-05,-0.14510465105776504,0.1532735742572143,-9.8105209295455342,-5.84171208528594E-11
0.96813802831416162,0.65065364066212938,0.32737901335588293,0,109.33120031545248,321.94205788865548,6391318.1937382929,6398903.0940766642,5.0348144733229077E-05,1.7077921784947159E-05,2.4829845480608775E-05,0.0056759565440865582,0.0096507203434467517,0.010744536795771678,-0.046662393902347138,0.015876408806850064,-9.8105227152056074,0.00015657350472606505,-8.9854458295230647E-05,8.4885096734292842E-05,-0.14511149498973969,0.15328080092536803,-9.8105227152056074,-5.8431147002530961E-11
0.96818837644440137,0.650683769246796,0.32737901335588293,0,109.33120031545248,321.94205788865548,6391320.0344400676,6398903.7083723554,5.0348130239753796E-05,1.7077920146232448E-05,2.4832520277970211E-05,0.0056747070560940558,0.0097782153207820136,0.01093042130552822,-0.046664594680573893,0.015877155044153296,-9.81052450074662,0.0001565734596540126,-8.9857440978600739E-05,8.4889852105513692E-05,-0.14511833900677176,0.15328802768304636,-9.81052450074662,-5.8445175017471866E-11
0.9682387245601487,0.65071390003344509,0.32737901335588293,0,109.33120031545248,321.94205788865548,6391321.8750075065,6398904.3226230983,5.03481157473446E-05,1.7077918507637962E-05,2.4835195466058489E-05,0.00567685340594805,0.00990785724867205,0.011120780249261709,-0.046666795486180572,0.015877901290450962,-9.81052628616855,0.00015657341458527547,-8.9860423768868585E-05,8.4894607714621048E-05,-0.1451251831089504,0.1532952545303434,-9.81052628616855,-5.8459204898093091E-11
0.96828907266140474,0.65074403302247474,0.32737901335588293,0,109.33120031545248,321.94205788865548,6391323.7154406039,6398904.93682889,5.0348101256001535E-05,1.70779168691637E-05,2.4837871044972884E-05,0.0056784161768067814,0.010037381719559558,0.011311072234502836,-0.046668996319195882,0.015878647545752814,-9.8105280714713761,0.00015657336951985384,-8.9863406666026649E-05,8.4899363561709073E-05,-0.14513202729636482,0.15330248146735342,-9.8105280714713761,-5.8473236644805964E-11
0.96833942074817048,0.65077416821428336,0.32737901335588293,0,109.33120031545248,321.94205788865548,6391325.5557393571,6398905.5509897284,5.0348086765724623E-05,1.7077915230809674E-05,2.4840547014812715E-05,0.0056778191026817682,0.010170957534416263,0.011505865685172445,-0.046671197179648509,0.015879393810068605,-9.8105298566550747,0.00015657332445774772,-8.9866389670067233E-05,8.4904119646872026E-05,-0.14513887156910429,0.15330970849417069,-9.8105298566550747,-5.8487270258021838E-11
0.968389768820447,0.65080430560926938,0.32737901335588293,0,109.33120031545248,321.94205788865548,6391327.3959037624,6398906.1651056129,5.0348072276513889E-05,1.7077913592575881E-05,2.4843223375677322E-05,0.0056800178677443658,0.010305098454654191,0.011699962393906792,-0.046673398067567137,0.015880140083408094,-9.81053164171962,0.00015657327939895722,-8.98693727809828E-05,8.4908875970204122E-05,-0.145145715927258,0.15331693561088941,-9.81053164171962,-5.8501305738152148E-11
0.96844011687823539,0.6508344452078314,0.32737901335588293,0,109.33120031545248,321.94205788865548,6391329.2359338123,6398906.7791765416,5.0348057788369392E-05,1.7077911954462327E-05,2.4845900127666075E-05,0.0056816339448704043,0.010439147983319661,0.011899900661529283,-0.0466755989829805,0.015880886365781045,-9.8105334266649944,0.00015657323434348252,-8.9872355998765754E-05,8.4913632531799648E-05,-0.14515256037091531,0.15332416281760392,-9.8105334266649944,-5.8515343085608646E-11
0.96849046492153668,0.6508645870103682,0.32737901335588293,0,109.33120031545248,321.94205788865548,6391331.075829505,6398907.3932025135,5.0348043301291141E-05,1.7077910316469018E-05,2.484857727087838E-05,0.0056838692379968013,0.010576332008745136,0.012098512870559654,-0.046677799925917293,0.015881632657197216,-9.8105352114911728,0.00015657318929132366,-8.9875339323408472E-05,8.4918389331752888E-05,-0.14515940490016543,0.1533313901144085,-9.8105352114911728,-5.8529382300803011E-11
0.968540812950352,0.65089473101727846,0.32737901335588293,0,109.33120031545248,321.94205788865548,6391332.9155908311,6398908.0071835266,5.034802881527921E-05,1.7077908678595953E-05,2.485125480541369E-05,0.0056822525946027226,0.010713927815977239,0.012300727597287481,-0.046680000896406268,0.015882378957666386,-9.8105369961981328,0.00015657314424248085,-8.9878322754903447E-05,8.4923146370158235E-05,-0.14516624951509777,0.1533386175013976,-9.8105369961981328,-5.8543423384147269E-11
0.96859116096468234,0.65092487722896109,0.32737901335588293,0,109.33120031545248,321.94205788865548,6391334.7552177915,6398908.6211195784,5.0348014330333591E-05,1.7077907040843146E-05,2.4853932731371479E-05,0.0056839246065727225,0.010852581702509708,0.012507499654364518,-0.046682201894476173,0.01588312526719832,-9.8105387807858513,0.00015657309919695408,-8.9881306293243E-05,8.4927903647110043E-05,-0.14517309421580177,0.15334584497866563,-9.8105387807858513,-5.855746633605342E-11
0.96864150896452883,0.650955025645815,0.32737901335588293,0,109.33120031545248,321.94205788865548,6391336.594710378,6398909.2350106686,5.0347999846454339E-05,1.7077905403210592E-05,2.4856611048851252E-05,0.0056867084190826032,0.010994854140632646,0.012715252120749063,-0.046684402920155736,0.015883871585802803,-9.8105405652543052,0.00015657305415474354,-8.9884289938419541E-05,8.4932661162702731E-05,-0.14517993900236675,0.15335307254630698,-9.8105405652543052,-5.8571511156933686E-11
0.96869185694989246,0.65098517626823926,0.32737901335588293,0,109.33120031545248,321.94205788865548,6391338.4340685876,6398909.8488567956,5.0347985363641489E-05,1.7077903765698295E-05,2.485928975795255E-05,0.0056851496513688959,0.011137106954130054,0.012924381801143886,-0.046686603973473767,0.015884617913489607,-9.8105423496034732,0.00015657300911584929,-8.98872736904255E-05,8.4937418917030734E-05,-0.14518678387488229,0.15336030020441627,-9.8105423496034732,-5.8585557847200492E-11
0.96874220492077434,0.65101532909663318,0.32737901335588293,0,109.33120031545248,321.94205788865548,6391340.273292413,6398910.4626579573,5.0347970881895086E-05,1.7077902128306264E-05,2.4861968858774948E-05,0.00568782394736108,0.011283222281188681,0.013135175452706005,-0.046688805054459,0.015885364250268524,-9.8105441338333286,0.00015657296408027148,-8.9890257549253308E-05,8.4942176910188553E-05,-0.14519362883343775,0.15336752795308786,-9.8105441338333286,-5.8599606407266267E-11
